audit_id,domain,module,capability,feature_area,user_role,scenario_type,question,acceptance_intent,priority,weight,release_blocker,market_relevance_pl,data_sensitivity,security_impact,requires_backend,requires_frontend,requires_database,requires_api,requires_async_jobs,requires_integrations,requires_permissions,requires_audit_log,requires_encryption,expected_evidence,positive_code_signals,negative_code_signals,manual_test_steps,expected_outcome,edge_cases,dependencies,applicability,analysis_status,verdict,confidence_score,confidence_reason,code_references,api_endpoints,db_entities,ui_locations,test_artifacts,missing_artifacts,gap_summary,remediation_hint,owner,notes
F001,Functional,Authentication & Onboarding,,,End user,,Can a new user create an account using email and password?,,High,7,YES,NO,MEDIUM,LOW,YES,YES,YES,YES,NO,NO,NO,NO,NO,UI flow; API endpoint; DB records; automated tests,,,,,,,Applicable,NOT_STARTED,UNCLEAR,0,Not yet analyzed,,,,,,No evidence reviewed yet,,,,
F002,Functional,Authentication & Onboarding,,,End user,,"Can a user register using Google, Apple, or another federated identity provider?",,Medium,4,NO,NO,MEDIUM,LOW,YES,NO,NO,YES,NO,NO,NO,YES,NO,OAuth flow; API config; login audit; automated tests,,,,,,,Applicable,NOT_STARTED,UNCLEAR,0,Not yet analyzed,,,,,,No evidence reviewed yet,,,,
F003,Functional,Authentication & Onboarding,,,End user,,Can registration require email verification before access is granted?,,High,7,YES,NO,MEDIUM,LOW,NO,NO,NO,NO,NO,NO,NO,NO,NO,Verification workflow; token handling; email logs; tests,,,,,,,Applicable,NOT_STARTED,UNCLEAR,0,Not yet analyzed,,,,,,No evidence reviewed yet,,,,
F004,Functional,Localization,,,End user,,Can the platform support Polish language as a full primary interface?,,High,7,YES,YES,MEDIUM,LOW,NO,YES,NO,NO,NO,NO,NO,NO,NO,Localized UI; translation files; locale switch; tests,,,,,,,Applicable,NOT_STARTED,UNCLEAR,0,Not yet analyzed,,,,,,No evidence reviewed yet,,,,
F005,Functional,Localization,,,End user,,Can the platform support English as a secondary interface?,,Medium,4,NO,NO,MEDIUM,LOW,NO,YES,NO,NO,NO,NO,NO,NO,NO,Localized UI; translation files; locale switch; tests,,,,,,,Applicable,NOT_STARTED,UNCLEAR,0,Not yet analyzed,,,,,,No evidence reviewed yet,,,,
F006,Functional,Settings & Currency,,,End user,,Can a user define PLN as the default base currency?,,High,7,YES,YES,MEDIUM,LOW,NO,YES,YES,NO,NO,NO,NO,NO,NO,Settings UI; currency config; DB field; tests,,,,,,,Applicable,NOT_STARTED,UNCLEAR,0,Not yet analyzed,,,,,,No evidence reviewed yet,,,,
F007,Functional,Settings & Currency,,,End user,,Can a user later change the base currency without corrupting historical data?,,High,7,YES,NO,MEDIUM,LOW,NO,NO,NO,NO,NO,NO,NO,NO,NO,Conversion logic; migration handling; reports; tests,,,,,,,Applicable,NOT_STARTED,UNCLEAR,0,Not yet analyzed,,,,,,No evidence reviewed yet,,,,
F008,Functional,Tenant & Workspace,,,End user,,"Can one user manage multiple households, personal profiles, or finance spaces?",,Medium,4,NO,NO,MEDIUM,LOW,NO,YES,NO,NO,NO,NO,NO,NO,NO,Workspace model; UI switcher; authorization checks; tests,,,,,,,Applicable,NOT_STARTED,UNCLEAR,0,Not yet analyzed,,,,,,No evidence reviewed yet,,,,
F009,Functional,Tenant & Workspace,,,End user,,"Can a user create separate portfolios for personal finances, family finances, and business-like side activity?",,Medium,4,NO,NO,MEDIUM,LOW,NO,YES,YES,NO,NO,NO,NO,NO,NO,Portfolio model; UI flows; DB separation; tests,,,,,,,Applicable,NOT_STARTED,UNCLEAR,0,Not yet analyzed,,,,,,No evidence reviewed yet,,,,
F010,Functional,Collaboration,,,End user,,"Can a user invite a spouse, partner, accountant, or advisor with limited permissions?",,Medium,4,NO,NO,MEDIUM,LOW,NO,NO,NO,NO,NO,NO,YES,NO,NO,Invite flow; role assignment; email invite; tests,,,,,,,Applicable,NOT_STARTED,UNCLEAR,0,Not yet analyzed,,,,,,No evidence reviewed yet,,,,
F011,Functional,Collaboration,,,End user,,"Can permissions distinguish owner, editor, read-only viewer, and auditor roles?",,High,7,YES,NO,MEDIUM,LOW,NO,YES,NO,NO,NO,NO,YES,NO,NO,RBAC matrix; server authorization; UI role controls; tests,,,,,,,Applicable,NOT_STARTED,UNCLEAR,0,Not yet analyzed,,,,,,No evidence reviewed yet,,,,
F012,Functional,Audit Trail,,,End user,,Can the system maintain a full audit trail of who changed what and when?,,High,7,YES,NO,MEDIUM,LOW,NO,NO,NO,NO,NO,NO,NO,YES,NO,Audit logs; before/after values; timestamps; tests,,,,,,,Applicable,NOT_STARTED,UNCLEAR,0,Not yet analyzed,,,,,,No evidence reviewed yet,,,,
F013,Functional,Accounts,,,End user,,Can a user add manual bank accounts without connecting to a bank feed?,,High,7,YES,NO,MEDIUM,LOW,NO,YES,YES,NO,NO,NO,NO,NO,NO,Manual account UI; DB schema; balance handling; tests,,,,,,,Applicable,NOT_STARTED,UNCLEAR,0,Not yet analyzed,,,,,,No evidence reviewed yet,,,,
F014,Functional,Open Banking,,,End user,,Can a user connect Polish bank accounts through open banking integrations?,,High,7,YES,YES,MEDIUM,LOW,NO,NO,NO,NO,NO,YES,NO,NO,NO,Bank connection flow; provider integration; consent records; tests,,,,,,,Applicable,NOT_STARTED,UNCLEAR,0,Not yet analyzed,,,,,,No evidence reviewed yet,,,,
F015,Functional,Open Banking,,,End user,,Can the user refresh connected account balances on demand?,,High,7,YES,NO,MEDIUM,LOW,NO,NO,NO,NO,YES,NO,NO,NO,NO,Refresh action; sync job; updated balances; tests,,,,,,,Applicable,NOT_STARTED,UNCLEAR,0,Not yet analyzed,,,,,,No evidence reviewed yet,,,,
F016,Functional,Open Banking,,,End user,,Can the system detect when bank consent has expired and guide the user to renew it?,,High,7,YES,NO,MEDIUM,LOW,NO,YES,NO,NO,NO,NO,NO,NO,NO,Consent expiry logic; UI prompt; logs; tests,,,,,,,Applicable,NOT_STARTED,UNCLEAR,0,Not yet analyzed,,,,,,No evidence reviewed yet,,,,
F017,Functional,Open Banking,,,End user,,Can a user connect more than one account from the same bank?,,Medium,4,NO,NO,MEDIUM,LOW,NO,YES,NO,NO,NO,NO,NO,NO,NO,Provider mapping; account linking; UI state; tests,,,,,,,Applicable,NOT_STARTED,UNCLEAR,0,Not yet analyzed,,,,,,No evidence reviewed yet,,,,
F018,Functional,Open Banking,,,End user,,Can a user connect accounts from multiple Polish banks in one profile?,,High,7,YES,YES,MEDIUM,LOW,NO,NO,NO,NO,NO,NO,NO,NO,NO,Multi-bank support; account aggregation; tests,,,,,,,Applicable,NOT_STARTED,UNCLEAR,0,Not yet analyzed,,,,,,No evidence reviewed yet,,,,
F019,Functional,Accounts,,,End user,,Can a user mark an account as hidden from dashboards without deleting it?,,Low,1,NO,NO,MEDIUM,LOW,NO,NO,NO,NO,NO,NO,NO,NO,NO,Hidden flag; dashboard filters; tests,,,,,,,Applicable,NOT_STARTED,UNCLEAR,0,Not yet analyzed,,,,,,No evidence reviewed yet,,,,
F020,Functional,Accounts,,,End user,,Can a user archive an account while preserving history?,,Medium,4,NO,NO,MEDIUM,LOW,NO,NO,NO,NO,NO,NO,NO,NO,NO,Archive workflow; data retention; reports; tests,,,,,,,Applicable,NOT_STARTED,UNCLEAR,0,Not yet analyzed,,,,,,No evidence reviewed yet,,,,
F021,Functional,Cash Tracking,,,End user,,"Can a user create cash wallets for physical cash in PLN, EUR, USD, and other currencies?",,High,7,YES,YES,MEDIUM,LOW,NO,YES,NO,NO,NO,NO,NO,NO,NO,Wallet model; multi-currency support; UI; tests,,,,,,,Applicable,NOT_STARTED,UNCLEAR,0,Not yet analyzed,,,,,,No evidence reviewed yet,,,,
F022,Functional,Cash Tracking,,,End user,,"Can a user record cash held in multiple locations such as wallet, home safe, or office drawer?",,Medium,4,NO,NO,MEDIUM,LOW,NO,NO,NO,NO,NO,NO,NO,NO,NO,Location field; balance views; tests,,,,,,,Applicable,NOT_STARTED,UNCLEAR,0,Not yet analyzed,,,,,,No evidence reviewed yet,,,,
F023,Functional,Accounts,,,End user,,"Can a user track prepaid cards, gift cards, and payment wallet balances?",,Medium,4,NO,NO,MEDIUM,LOW,NO,YES,NO,NO,NO,NO,NO,NO,NO,Account types; UI; ledger handling; tests,,,,,,,Applicable,NOT_STARTED,UNCLEAR,0,Not yet analyzed,,,,,,No evidence reviewed yet,,,,
F024,Functional,Accounts,,,End user,,"Can a user track debit, credit, savings, brokerage, pension, and loan accounts in one system?",,High,7,YES,NO,MEDIUM,LOW,NO,YES,NO,NO,NO,NO,NO,NO,NO,Account taxonomy; reports; UI; tests,,,,,,,Applicable,NOT_STARTED,UNCLEAR,0,Not yet analyzed,,,,,,No evidence reviewed yet,,,,
F025,Functional,Balances,,,End user,,"Can a user see current balance, available balance, and booked balance separately where relevant?",,High,7,YES,NO,MEDIUM,LOW,NO,YES,NO,NO,NO,NO,NO,NO,NO,Balance model; UI cards; provider mapping; tests,,,,,,,Applicable,NOT_STARTED,UNCLEAR,0,Not yet analyzed,,,,,,No evidence reviewed yet,,,,
F026,Functional,Transactions,,,End user,,Can the platform distinguish cleared transactions from pending transactions?,,High,7,YES,NO,MEDIUM,LOW,NO,YES,NO,NO,NO,NO,NO,NO,NO,Transaction status model; UI; sync mapping; tests,,,,,,,Applicable,NOT_STARTED,UNCLEAR,0,Not yet analyzed,,,,,,No evidence reviewed yet,,,,
F027,Functional,Transactions,,,End user,,Can the platform ingest historical transactions from bank feeds for a configurable lookback period?,,High,7,YES,NO,MEDIUM,LOW,NO,NO,NO,NO,NO,NO,NO,NO,NO,Sync config; provider requests; imported history; tests,,,,,,,Applicable,NOT_STARTED,UNCLEAR,0,Not yet analyzed,,,,,,No evidence reviewed yet,,,,
F028,Functional,Imports,,,End user,,"Can a user import transactions from CSV, XLSX, or PDF statements?",,High,7,YES,NO,MEDIUM,LOW,NO,YES,NO,NO,NO,NO,NO,NO,NO,Import UI; parsers; sample files; tests,,,,,,,Applicable,NOT_STARTED,UNCLEAR,0,Not yet analyzed,,,,,,No evidence reviewed yet,,,,
F029,Functional,Imports,,,End user,,"Can imported files be mapped interactively to account, date, amount, merchant, currency, and category fields?",,High,7,YES,NO,MEDIUM,LOW,NO,YES,NO,NO,NO,NO,NO,NO,NO,Mapping UI; parser rules; saved mappings; tests,,,,,,,Applicable,NOT_STARTED,UNCLEAR,0,Not yet analyzed,,,,,,No evidence reviewed yet,,,,
F030,Functional,Imports,,,End user,,Can duplicate transactions be detected across imports and bank syncs?,,High,7,YES,NO,MEDIUM,LOW,NO,NO,NO,NO,NO,NO,NO,NO,NO,Dedup logic; matching rules; test cases,,,,,,,Applicable,NOT_STARTED,UNCLEAR,0,Not yet analyzed,,,,,,No evidence reviewed yet,,,,
F031,Functional,Transactions,,,End user,,"Can a user manually create income, expense, transfer, refund, fee, and adjustment transactions?",,High,7,YES,NO,MEDIUM,LOW,YES,NO,NO,YES,NO,NO,NO,NO,NO,Transaction form; API; ledger entries; tests,,,,,,,Applicable,NOT_STARTED,UNCLEAR,0,Not yet analyzed,,,,,,No evidence reviewed yet,,,,
F032,Functional,Transfers,,,End user,,Can internal transfers between own accounts be recognized automatically instead of counted as income and expense?,,High,7,YES,NO,MEDIUM,LOW,NO,NO,NO,NO,NO,NO,NO,NO,NO,Transfer detection rules; reports; tests,,,,,,,Applicable,NOT_STARTED,UNCLEAR,0,Not yet analyzed,,,,,,No evidence reviewed yet,,,,
F033,Functional,Transactions,,,End user,,Can a user split one transaction into multiple categories?,,High,7,YES,NO,MEDIUM,LOW,NO,YES,NO,NO,NO,NO,NO,NO,NO,Split UI; ledger logic; reports; tests,,,,,,,Applicable,NOT_STARTED,UNCLEAR,0,Not yet analyzed,,,,,,No evidence reviewed yet,,,,
F034,Functional,Transactions,,,End user,,"Can a user attach notes, files, receipts, or invoice images to a transaction?",,Medium,4,NO,NO,MEDIUM,LOW,NO,YES,NO,NO,NO,NO,NO,NO,NO,Attachment flow; storage handling; UI; tests,,,,,,,Applicable,NOT_STARTED,UNCLEAR,0,Not yet analyzed,,,,,,No evidence reviewed yet,,,,
F035,Functional,Transactions,,,End user,,Can a user add VAT-related or tax-related tags to a transaction for later filtering?,,Medium,4,NO,NO,MEDIUM,LOW,NO,YES,NO,NO,NO,NO,NO,NO,NO,Tag model; filter UI; export fields; tests,,,,,,,Applicable,NOT_STARTED,UNCLEAR,0,Not yet analyzed,,,,,,No evidence reviewed yet,,,,
F036,Functional,Categorization,,,End user,,Can a user define custom categories and subcategories?,,High,7,YES,NO,MEDIUM,LOW,NO,YES,YES,NO,NO,NO,NO,NO,NO,Category management UI; DB model; tests,,,,,,,Applicable,NOT_STARTED,UNCLEAR,0,Not yet analyzed,,,,,,No evidence reviewed yet,,,,
F037,Functional,Categorization,,,End user,,"Can default categories be localized for Polish spending habits such as czynsz, media, paliwo, rata, and BLIK transfer?",,Medium,4,NO,YES,MEDIUM,LOW,NO,YES,NO,NO,NO,NO,NO,NO,NO,Localized seed data; UI labels; tests,,,,,,,Applicable,NOT_STARTED,UNCLEAR,0,Not yet analyzed,,,,,,No evidence reviewed yet,,,,
F038,Functional,Categorization,,,End user,,"Can a user create rule-based auto-categorization by merchant, amount range, keyword, bank account, or transaction type?",,High,7,YES,NO,MEDIUM,LOW,NO,YES,NO,NO,NO,NO,NO,NO,NO,Rules engine; UI builder; rule tests,,,,,,,Applicable,NOT_STARTED,UNCLEAR,0,Not yet analyzed,,,,,,No evidence reviewed yet,,,,
F039,Functional,Categorization,,,End user,,Can categorization rules be prioritized and conflict-resolved predictably?,,High,7,YES,NO,MEDIUM,LOW,NO,NO,NO,NO,NO,NO,NO,NO,NO,Rule priority model; test cases; logs,,,,,,,Applicable,NOT_STARTED,UNCLEAR,0,Not yet analyzed,,,,,,No evidence reviewed yet,,,,
F040,Functional,Categorization,,,End user,,Can a user bulk recategorize past transactions after changing a rule?,,High,7,YES,NO,MEDIUM,LOW,NO,NO,NO,NO,YES,NO,NO,NO,NO,Bulk update flow; background job; tests,,,,,,,Applicable,NOT_STARTED,UNCLEAR,0,Not yet analyzed,,,,,,No evidence reviewed yet,,,,
F041,Functional,Categorization,,,End user,,Can the system learn from repeated user corrections to suggested categories?,,Medium,4,NO,NO,MEDIUM,LOW,NO,NO,YES,NO,NO,NO,NO,NO,NO,Suggestion model; feedback loop; tests,,,,,,,Applicable,NOT_STARTED,UNCLEAR,0,Not yet analyzed,,,,,,No evidence reviewed yet,,,,
F042,Functional,Recurring Transactions,,,End user,,Can recurring income and recurring expenses be detected automatically?,,High,7,YES,NO,MEDIUM,LOW,NO,YES,NO,NO,NO,NO,NO,NO,NO,Pattern detection logic; UI suggestions; tests,,,,,,,Applicable,NOT_STARTED,UNCLEAR,0,Not yet analyzed,,,,,,No evidence reviewed yet,,,,
F043,Functional,Planning,,,End user,,Can a user schedule planned transactions that have not yet happened?,,High,7,YES,NO,MEDIUM,LOW,NO,NO,NO,NO,NO,NO,NO,NO,NO,Planned transaction model; calendar view; tests,,,,,,,Applicable,NOT_STARTED,UNCLEAR,0,Not yet analyzed,,,,,,No evidence reviewed yet,,,,
F044,Functional,Planning,,,End user,,Can the system compare planned versus actual cash flow by category and month?,,High,7,YES,NO,MEDIUM,LOW,NO,NO,NO,NO,NO,NO,NO,NO,NO,Reporting logic; charts; tests,,,,,,,Applicable,NOT_STARTED,UNCLEAR,0,Not yet analyzed,,,,,,No evidence reviewed yet,,,,
F045,Functional,Budgeting,,,End user,,"Can a user build monthly, quarterly, and annual budgets?",,High,7,YES,NO,MEDIUM,LOW,NO,YES,YES,NO,NO,NO,NO,NO,NO,Budget UI; DB model; reports; tests,,,,,,,Applicable,NOT_STARTED,UNCLEAR,0,Not yet analyzed,,,,,,No evidence reviewed yet,,,,
F046,Functional,Budgeting,,,End user,,"Can budgets be created per category, subcategory, account, or portfolio?",,High,7,YES,NO,MEDIUM,LOW,NO,YES,NO,NO,NO,NO,NO,NO,NO,Budget dimensions; UI; tests,,,,,,,Applicable,NOT_STARTED,UNCLEAR,0,Not yet analyzed,,,,,,No evidence reviewed yet,,,,
F047,Functional,Budgeting,,,End user,,Can the platform support rollover budgets from one month to the next?,,Medium,4,NO,NO,MEDIUM,LOW,NO,NO,NO,NO,NO,NO,NO,NO,NO,Rollover logic; settings; tests,,,,,,,Applicable,NOT_STARTED,UNCLEAR,0,Not yet analyzed,,,,,,No evidence reviewed yet,,,,
F048,Functional,Budgeting,,,End user,,"Can a user configure alerts when spending reaches 50 percent, 80 percent, 100 percent, and over-budget levels?",,Medium,4,NO,NO,MEDIUM,LOW,NO,NO,NO,NO,NO,NO,NO,NO,NO,Alert rules; notification engine; tests,,,,,,,Applicable,NOT_STARTED,UNCLEAR,0,Not yet analyzed,,,,,,No evidence reviewed yet,,,,
F049,Functional,Budgeting,,,End user,,Can a user view budget performance in both absolute amounts and percentages?,,Medium,4,NO,NO,MEDIUM,LOW,NO,NO,NO,NO,NO,NO,NO,NO,NO,Dashboard widgets; calculations; tests,,,,,,,Applicable,NOT_STARTED,UNCLEAR,0,Not yet analyzed,,,,,,No evidence reviewed yet,,,,
F050,Functional,Budgeting,,,End user,,Can a user exclude selected transactions from budgets without deleting them?,,Medium,4,NO,NO,MEDIUM,LOW,NO,YES,NO,NO,NO,NO,NO,NO,NO,Exclude flag; UI control; tests,,,,,,,Applicable,NOT_STARTED,UNCLEAR,0,Not yet analyzed,,,,,,No evidence reviewed yet,,,,
F051,Functional,Analytics,,,End user,,Can a user mark certain inflows or outflows as one-off and exclude them from trend analysis?,,Medium,4,NO,NO,MEDIUM,LOW,NO,NO,NO,NO,NO,NO,NO,NO,NO,Flags; reporting filters; tests,,,,,,,Applicable,NOT_STARTED,UNCLEAR,0,Not yet analyzed,,,,,,No evidence reviewed yet,,,,
F052,Functional,Search & Filters,,,End user,,"Can a user search all transactions by merchant, note, tag, amount, category, or date range?",,High,7,YES,NO,MEDIUM,LOW,YES,YES,NO,YES,NO,NO,NO,NO,NO,Search index; filter UI; API; tests,,,,,,,Applicable,NOT_STARTED,UNCLEAR,0,Not yet analyzed,,,,,,No evidence reviewed yet,,,,
F053,Functional,Search & Filters,,,End user,,Can filters be combined and saved as reusable views?,,Medium,4,NO,NO,MEDIUM,LOW,NO,YES,NO,NO,NO,NO,NO,NO,NO,Saved view model; UI; tests,,,,,,,Applicable,NOT_STARTED,UNCLEAR,0,Not yet analyzed,,,,,,No evidence reviewed yet,,,,
F054,Functional,Dashboards,,,End user,,"Can a user create custom dashboards for spending, net worth, cash flow, and investment performance?",,Medium,4,NO,NO,MEDIUM,LOW,NO,YES,NO,NO,NO,NO,NO,NO,NO,Dashboard builder; widgets; tests,,,,,,,Applicable,NOT_STARTED,UNCLEAR,0,Not yet analyzed,,,,,,No evidence reviewed yet,,,,
F055,Functional,Dashboards,,,End user,,"Can a dashboard show balances by institution, account, currency, and asset class?",,High,7,YES,NO,MEDIUM,LOW,NO,NO,NO,NO,NO,NO,NO,NO,NO,Aggregation logic; charts; tests,,,,,,,Applicable,NOT_STARTED,UNCLEAR,0,Not yet analyzed,,,,,,No evidence reviewed yet,,,,
F056,Functional,Net Worth,,,End user,,"Can the system calculate total net worth across cash, bank balances, investments, receivables, liabilities, and suspended funds?",,High,7,YES,NO,MEDIUM,LOW,NO,NO,NO,NO,NO,NO,NO,NO,NO,Net worth engine; reports; tests,,,,,,,Applicable,NOT_STARTED,UNCLEAR,0,Not yet analyzed,,,,,,No evidence reviewed yet,,,,
F057,Functional,Net Worth,,,End user,,"Can the user choose whether suspended or blocked funds count toward net worth, liquid cash, or neither?",,High,7,YES,NO,MEDIUM,LOW,NO,NO,NO,NO,NO,NO,NO,NO,NO,Configuration rules; calculations; tests,,,,,,,Applicable,NOT_STARTED,UNCLEAR,0,Not yet analyzed,,,,,,No evidence reviewed yet,,,,
F058,Functional,Reserves & Funds,,,End user,,"Can a user track money reserved for taxes, rent, travel, emergency fund, or sinking funds?",,Medium,4,NO,NO,MEDIUM,LOW,NO,YES,NO,NO,NO,NO,NO,NO,NO,Reserve buckets; UI; reports; tests,,,,,,,Applicable,NOT_STARTED,UNCLEAR,0,Not yet analyzed,,,,,,No evidence reviewed yet,,,,
F059,Functional,Reserves & Funds,,,End user,,Can earmarked or reserved money reduce available-to-spend cash while staying in the same bank account?,,High,7,YES,NO,MEDIUM,LOW,NO,YES,NO,NO,NO,NO,NO,NO,NO,Available balance logic; UI; tests,,,,,,,Applicable,NOT_STARTED,UNCLEAR,0,Not yet analyzed,,,,,,No evidence reviewed yet,,,,
F060,Functional,Reserves & Funds,,,End user,,"Can the system support envelopes, jars, or virtual sub-balances inside one account?",,Medium,4,NO,NO,MEDIUM,LOW,NO,NO,NO,NO,NO,NO,NO,NO,NO,Sub-balance model; UX; tests,,,,,,,Applicable,NOT_STARTED,UNCLEAR,0,Not yet analyzed,,,,,,No evidence reviewed yet,,,,
F061,Functional,Assets,,,End user,,"Can a user create manual assets such as gold, collectibles, art, watches, or foreign cash?",,Medium,4,NO,NO,MEDIUM,LOW,NO,NO,NO,NO,NO,NO,NO,NO,NO,Manual asset forms; valuation fields; tests,,,,,,,Applicable,NOT_STARTED,UNCLEAR,0,Not yet analyzed,,,,,,No evidence reviewed yet,,,,
F062,Functional,Liabilities,,,End user,,"Can the system track liabilities such as mortgages, personal loans, credit cards, tax debt, and installment plans?",,High,7,YES,NO,MEDIUM,LOW,NO,NO,NO,NO,NO,NO,NO,NO,NO,Liability model; schedules; reports; tests,,,,,,,Applicable,NOT_STARTED,UNCLEAR,0,Not yet analyzed,,,,,,No evidence reviewed yet,,,,
F063,Functional,Liabilities,,,End user,,"Can liabilities show principal, interest, due date, next installment, and payoff schedule?",,High,7,YES,NO,MEDIUM,LOW,NO,YES,NO,NO,NO,NO,NO,NO,NO,Amortization logic; detail UI; tests,,,,,,,Applicable,NOT_STARTED,UNCLEAR,0,Not yet analyzed,,,,,,No evidence reviewed yet,,,,
F064,Functional,Analytics,,,End user,,Can the platform calculate debt-to-income and savings-rate style indicators?,,Medium,4,NO,NO,MEDIUM,LOW,NO,NO,NO,NO,NO,NO,NO,NO,NO,Calculation formulas; dashboard widgets; tests,,,,,,,Applicable,NOT_STARTED,UNCLEAR,0,Not yet analyzed,,,,,,No evidence reviewed yet,,,,
F065,Functional,Forecasting,,,End user,,Can a user model future cash flow based on known recurring commitments?,,Medium,4,NO,NO,MEDIUM,LOW,NO,NO,NO,NO,NO,NO,NO,NO,NO,Forecast engine; schedule data; tests,,,,,,,Applicable,NOT_STARTED,UNCLEAR,0,Not yet analyzed,,,,,,No evidence reviewed yet,,,,
F066,Functional,Calendar,,,End user,,"Can the system provide calendar views of upcoming bills, salaries, subscriptions, and loan payments?",,Medium,4,NO,NO,MEDIUM,LOW,NO,YES,NO,NO,NO,NO,NO,NO,NO,Calendar UI; scheduled item model; tests,,,,,,,Applicable,NOT_STARTED,UNCLEAR,0,Not yet analyzed,,,,,,No evidence reviewed yet,,,,
F067,Functional,Subscriptions,,,End user,,Can a user track subscriptions and detect price changes over time?,,Medium,4,NO,NO,MEDIUM,LOW,NO,NO,NO,NO,NO,NO,NO,NO,NO,Recurring merchant logic; change detection; tests,,,,,,,Applicable,NOT_STARTED,UNCLEAR,0,Not yet analyzed,,,,,,No evidence reviewed yet,,,,
F068,Functional,Analytics,,,End user,,Can the platform identify unusual spending spikes relative to prior periods?,,Medium,4,NO,NO,MEDIUM,LOW,NO,YES,NO,NO,NO,NO,NO,NO,NO,Anomaly detection logic; insights UI; tests,,,,,,,Applicable,NOT_STARTED,UNCLEAR,0,Not yet analyzed,,,,,,No evidence reviewed yet,,,,
F069,Functional,Categorization,,,End user,,Can a user define needs vs wants or other custom classification layers on top of categories?,,Low,1,NO,NO,MEDIUM,LOW,NO,YES,NO,NO,NO,NO,NO,NO,NO,Custom dimensions; UI; reports; tests,,,,,,,Applicable,NOT_STARTED,UNCLEAR,0,Not yet analyzed,,,,,,No evidence reviewed yet,,,,
F070,Functional,Exports,,,End user,,Can the user export all transactions and balances for offline analysis?,,High,7,YES,NO,MEDIUM,LOW,YES,NO,NO,NO,NO,NO,NO,NO,NO,Export endpoints; CSV/XLSX output; tests,,,,,,,Applicable,NOT_STARTED,UNCLEAR,0,Not yet analyzed,,,,,,No evidence reviewed yet,,,,
F071,Functional,Exports,,,End user,,Can exports preserve original identifiers so the data can be reconciled later?,,High,7,YES,NO,MEDIUM,LOW,NO,NO,NO,NO,NO,NO,NO,NO,NO,Export schema; source IDs; tests,,,,,,,Applicable,NOT_STARTED,UNCLEAR,0,Not yet analyzed,,,,,,No evidence reviewed yet,,,,
F072,Functional,Integrations,,,End user,,Can the system expose an API or integration layer for external reporting tools?,,Medium,4,NO,NO,MEDIUM,LOW,YES,NO,NO,YES,NO,NO,NO,NO,NO,API docs; auth; endpoints; tests,,,,,,,Applicable,NOT_STARTED,UNCLEAR,0,Not yet analyzed,,,,,,No evidence reviewed yet,,,,
F073,Functional,Investments,,,End user,,Can the user add a brokerage account manually if no integration exists?,,High,7,YES,NO,MEDIUM,LOW,NO,NO,NO,NO,NO,NO,NO,NO,NO,Manual account flow; holdings model; tests,,,,,,,Applicable,NOT_STARTED,UNCLEAR,0,Not yet analyzed,,,,,,No evidence reviewed yet,,,,
F074,Functional,Investments,,,End user,,Can the platform connect to investment accounts and keep holdings synchronized?,,High,7,YES,NO,MEDIUM,LOW,NO,NO,NO,NO,YES,YES,NO,NO,NO,Broker integration; sync jobs; tests,,,,,,,Applicable,NOT_STARTED,UNCLEAR,0,Not yet analyzed,,,,,,No evidence reviewed yet,,,,
F075,Functional,Investments,,,End user,,Can the platform support Polish and foreign securities in one portfolio?,,High,7,YES,YES,MEDIUM,LOW,NO,NO,NO,NO,NO,NO,NO,NO,NO,Instrument model; multi-market support; tests,,,,,,,Applicable,NOT_STARTED,UNCLEAR,0,Not yet analyzed,,,,,,No evidence reviewed yet,,,,
F076,Functional,Investments,,,End user,,"Can a user track stocks, ETFs, bonds, mutual funds, options, futures, and structured products?",,High,7,YES,NO,MEDIUM,LOW,NO,YES,NO,NO,NO,NO,NO,NO,NO,Asset-type support; UI; reports; tests,,,,,,,Applicable,NOT_STARTED,UNCLEAR,0,Not yet analyzed,,,,,,No evidence reviewed yet,,,,
F077,Functional,Investments,,,End user,,"Can a user track units, cost basis, fees, taxes, dividends, and realized gains per instrument?",,High,7,YES,NO,MEDIUM,LOW,NO,NO,NO,NO,NO,NO,NO,NO,NO,Holding ledger; calculations; tests,,,,,,,Applicable,NOT_STARTED,UNCLEAR,0,Not yet analyzed,,,,,,No evidence reviewed yet,,,,
F078,Functional,Investments,,,End user,,"Can the system support multiple cost-basis methods such as FIFO, average cost, or custom-lot selection?",,High,7,YES,NO,MEDIUM,LOW,NO,NO,NO,NO,NO,NO,NO,NO,NO,Tax lot engine; settings; tests,,,,,,,Applicable,NOT_STARTED,UNCLEAR,0,Not yet analyzed,,,,,,No evidence reviewed yet,,,,
F079,Functional,Investments,,,End user,,Can dividends be tracked as cash income and linked back to the source holding?,,Medium,4,NO,NO,MEDIUM,LOW,NO,NO,NO,NO,NO,NO,NO,NO,NO,Dividend events; cash ledger link; tests,,,,,,,Applicable,NOT_STARTED,UNCLEAR,0,Not yet analyzed,,,,,,No evidence reviewed yet,,,,
F080,Functional,Investments,,,End user,,Can the system track dividend reinvestment correctly?,,Medium,4,NO,NO,MEDIUM,LOW,NO,NO,NO,NO,NO,NO,NO,NO,NO,DRIP handling; units update; tests,,,,,,,Applicable,NOT_STARTED,UNCLEAR,0,Not yet analyzed,,,,,,No evidence reviewed yet,,,,
F081,Functional,Corporate Actions,,,End user,,"Can stock splits, reverse splits, mergers, delistings, and symbol changes be handled without data loss?",,High,7,YES,NO,MEDIUM,LOW,NO,NO,NO,NO,NO,NO,NO,NO,NO,Corporate action engine; migration tests,,,,,,,Applicable,NOT_STARTED,UNCLEAR,0,Not yet analyzed,,,,,,No evidence reviewed yet,,,,
F082,Functional,Investments,,,End user,,"Can the platform distinguish market value, cost value, unrealized gain, and realized gain?",,High,7,YES,NO,MEDIUM,LOW,NO,NO,NO,NO,NO,NO,NO,NO,NO,Portfolio analytics; reports; tests,,,,,,,Applicable,NOT_STARTED,UNCLEAR,0,Not yet analyzed,,,,,,No evidence reviewed yet,,,,
F083,Functional,Investments,,,End user,,"Can the user see portfolio allocation by asset class, geography, sector, and currency?",,Medium,4,NO,NO,MEDIUM,LOW,NO,NO,NO,NO,NO,NO,NO,NO,NO,Allocation logic; charts; tests,,,,,,,Applicable,NOT_STARTED,UNCLEAR,0,Not yet analyzed,,,,,,No evidence reviewed yet,,,,
F084,Functional,Investments,,,End user,,Can the user define target allocation and measure drift from target?,,Medium,4,NO,NO,MEDIUM,LOW,NO,NO,NO,NO,NO,NO,NO,NO,NO,Target settings; drift calculations; tests,,,,,,,Applicable,NOT_STARTED,UNCLEAR,0,Not yet analyzed,,,,,,No evidence reviewed yet,,,,
F085,Functional,Watchlists,,,End user,,Can the system support watchlists separate from owned investments?,,Low,1,NO,NO,MEDIUM,LOW,NO,YES,YES,NO,NO,NO,NO,NO,NO,Watchlist UI; DB model; tests,,,,,,,Applicable,NOT_STARTED,UNCLEAR,0,Not yet analyzed,,,,,,No evidence reviewed yet,,,,
F086,Functional,Private Investments,,,End user,,"Can a user record private equity, startup investments, crowdfunding, and angel investments manually?",,Medium,4,NO,NO,MEDIUM,LOW,NO,NO,NO,NO,NO,NO,NO,NO,NO,Manual asset forms; custom fields; tests,,,,,,,Applicable,NOT_STARTED,UNCLEAR,0,Not yet analyzed,,,,,,No evidence reviewed yet,,,,
F087,Functional,Bonds,,,End user,,"Can the system track bonds with coupon schedule, maturity date, and accrued interest?",,Medium,4,NO,NO,MEDIUM,LOW,NO,NO,NO,NO,NO,NO,NO,NO,NO,Bond model; schedule logic; tests,,,,,,,Applicable,NOT_STARTED,UNCLEAR,0,Not yet analyzed,,,,,,No evidence reviewed yet,,,,
F088,Functional,Retirement,,,End user,,"Can the system support pension and retirement wrappers relevant to Polish users, such as separate tax-advantaged buckets, even if treated as generic account types?",,Medium,4,NO,YES,MEDIUM,LOW,NO,NO,NO,NO,NO,NO,NO,NO,NO,Account taxonomy; tax wrapper fields; tests,,,,,,,Applicable,NOT_STARTED,UNCLEAR,0,Not yet analyzed,,,,,,No evidence reviewed yet,,,,
F089,Functional,Real Estate,,,End user,,"Can the user track real estate investments, including current estimated value, purchase cost, rent income, and expenses?",,Medium,4,NO,NO,MEDIUM,LOW,NO,NO,NO,NO,NO,NO,NO,NO,NO,Property model; valuation history; cash flow; tests,,,,,,,Applicable,NOT_STARTED,UNCLEAR,0,Not yet analyzed,,,,,,No evidence reviewed yet,,,,
F090,Functional,Crypto,,,End user,,"Can the platform track crypto wallets, exchange accounts, and DeFi positions?",,High,7,YES,NO,MEDIUM,LOW,NO,NO,NO,NO,NO,NO,NO,NO,NO,Wallet/exchange models; sync logic; tests,,,,,,,Applicable,NOT_STARTED,UNCLEAR,0,Not yet analyzed,,,,,,No evidence reviewed yet,,,,
F091,Functional,Crypto,,,End user,,"Can the system support transfers between exchange, on-chain wallet, and cold wallet without double counting?",,High,7,YES,NO,MEDIUM,LOW,NO,NO,NO,NO,NO,NO,NO,NO,NO,Transfer matching logic; ledger tests,,,,,,,Applicable,NOT_STARTED,UNCLEAR,0,Not yet analyzed,,,,,,No evidence reviewed yet,,,,
F092,Functional,Crypto,,,End user,,"Can crypto assets include token quantity, acquisition cost, average price, market value, and realized gains?",,High,7,YES,NO,MEDIUM,LOW,NO,NO,NO,NO,NO,NO,NO,NO,NO,Crypto holding model; valuation engine; tests,,,,,,,Applicable,NOT_STARTED,UNCLEAR,0,Not yet analyzed,,,,,,No evidence reviewed yet,,,,
F093,Functional,Crypto,,,End user,,"Can the system capture staking rewards, airdrops, forks, and lending yields as distinct event types?",,Medium,4,NO,NO,MEDIUM,LOW,NO,NO,NO,NO,NO,NO,NO,NO,NO,Event taxonomy; posting rules; tests,,,,,,,Applicable,NOT_STARTED,UNCLEAR,0,Not yet analyzed,,,,,,No evidence reviewed yet,,,,
F094,Functional,Crypto,,,End user,,Can the platform support manual entry when automated crypto integration is unavailable?,,Medium,4,NO,NO,MEDIUM,LOW,NO,NO,NO,NO,NO,NO,NO,NO,NO,Manual transaction flow; wallet model; tests,,,,,,,Applicable,NOT_STARTED,UNCLEAR,0,Not yet analyzed,,,,,,No evidence reviewed yet,,,,
F095,Functional,Alternative Assets,,,End user,,"Can the user track precious metals, commodities, and other non-standard investments?",,Low,1,NO,NO,MEDIUM,LOW,NO,NO,NO,NO,NO,NO,NO,NO,NO,Custom asset support; valuation fields; tests,,,,,,,Applicable,NOT_STARTED,UNCLEAR,0,Not yet analyzed,,,,,,No evidence reviewed yet,,,,
F096,Functional,Receivables,,,End user,,Can the system support lending money to friends or family as a tracked receivable?,,High,7,YES,NO,MEDIUM,LOW,NO,NO,NO,NO,NO,NO,NO,NO,NO,Receivable model; transaction links; tests,,,,,,,Applicable,NOT_STARTED,UNCLEAR,0,Not yet analyzed,,,,,,No evidence reviewed yet,,,,
F097,Functional,Receivables,,,End user,,"Can a user create a receivable with borrower name, amount, currency, due date, and repayment schedule?",,High,7,YES,NO,MEDIUM,LOW,NO,NO,YES,NO,NO,NO,NO,NO,NO,Receivable form; DB schema; schedule logic; tests,,,,,,,Applicable,NOT_STARTED,UNCLEAR,0,Not yet analyzed,,,,,,No evidence reviewed yet,,,,
F098,Functional,Receivables,,,End user,,Can partial repayments be recorded over time?,,High,7,YES,NO,MEDIUM,LOW,NO,NO,NO,NO,NO,NO,NO,NO,NO,Repayment workflow; balance updates; tests,,,,,,,Applicable,NOT_STARTED,UNCLEAR,0,Not yet analyzed,,,,,,No evidence reviewed yet,,,,
F099,Functional,Receivables,,,End user,,Can the system distinguish principal repaid from interest received?,,Medium,4,NO,NO,MEDIUM,LOW,NO,NO,NO,NO,NO,NO,NO,NO,NO,Repayment split logic; reports; tests,,,,,,,Applicable,NOT_STARTED,UNCLEAR,0,Not yet analyzed,,,,,,No evidence reviewed yet,,,,
F100,Functional,Receivables,,,End user,,Can reminders be configured for overdue friend or family loans?,,Medium,4,NO,NO,MEDIUM,LOW,NO,NO,NO,NO,NO,NO,NO,NO,NO,Reminder rules; notifications; tests,,,,,,,Applicable,NOT_STARTED,UNCLEAR,0,Not yet analyzed,,,,,,No evidence reviewed yet,,,,
F101,Functional,Receivables,,,End user,,Can a user track informal loans with no fixed due date?,,Low,1,NO,NO,MEDIUM,LOW,NO,YES,NO,NO,NO,NO,NO,NO,NO,Optional due date; UI; tests,,,,,,,Applicable,NOT_STARTED,UNCLEAR,0,Not yet analyzed,,,,,,No evidence reviewed yet,,,,
F102,Functional,Receivables,,,End user,,"Can the user record collateral, notes, chat evidence, or contract files against a receivable?",,Low,1,NO,NO,MEDIUM,LOW,NO,NO,NO,NO,NO,NO,NO,NO,NO,Attachment support; metadata fields; tests,,,,,,,Applicable,NOT_STARTED,UNCLEAR,0,Not yet analyzed,,,,,,No evidence reviewed yet,,,,
F103,Functional,Liabilities,,,End user,,Can the system track money the user owes to friends or family as a personal liability?,,Medium,4,NO,NO,MEDIUM,LOW,NO,NO,NO,NO,NO,NO,NO,NO,NO,Liability type; repayment flow; tests,,,,,,,Applicable,NOT_STARTED,UNCLEAR,0,Not yet analyzed,,,,,,No evidence reviewed yet,,,,
F104,Functional,Suspended Funds,,,End user,,"Can the platform track money that is frozen, blocked, reserved, disputed, or under chargeback investigation?",,High,7,YES,NO,MEDIUM,LOW,NO,YES,NO,NO,NO,NO,NO,NO,NO,Status model; UI; ledger effects; tests,,,,,,,Applicable,NOT_STARTED,UNCLEAR,0,Not yet analyzed,,,,,,No evidence reviewed yet,,,,
F105,Functional,Suspended Funds,,,End user,,Can a user create a suspended funds status with a reason and expected release date?,,High,7,YES,NO,MEDIUM,LOW,NO,NO,NO,NO,NO,NO,NO,NO,NO,Status workflow; fields; tests,,,,,,,Applicable,NOT_STARTED,UNCLEAR,0,Not yet analyzed,,,,,,No evidence reviewed yet,,,,
F106,Functional,Suspended Funds,,,End user,,Can the system separate book balance from available liquidity when funds are blocked?,,High,7,YES,NO,MEDIUM,LOW,NO,YES,NO,NO,NO,NO,NO,NO,NO,Liquidity logic; dashboard display; tests,,,,,,,Applicable,NOT_STARTED,UNCLEAR,0,Not yet analyzed,,,,,,No evidence reviewed yet,,,,
F107,Functional,Disputes,,,End user,,"Can disputed card transactions be tracked through status changes such as opened, pending, partially reversed, and resolved?",,Medium,4,NO,NO,MEDIUM,LOW,NO,YES,NO,NO,NO,NO,NO,NO,NO,Dispute lifecycle model; UI; tests,,,,,,,Applicable,NOT_STARTED,UNCLEAR,0,Not yet analyzed,,,,,,No evidence reviewed yet,,,,
F108,Functional,Suspended Funds,,,End user,,"Can the user record court deposits, brokerage settlement holds, tax reserves, and security deposits?",,Medium,4,NO,NO,MEDIUM,LOW,NO,NO,NO,NO,NO,NO,NO,NO,NO,Custom hold types; reporting; tests,,,,,,,Applicable,NOT_STARTED,UNCLEAR,0,Not yet analyzed,,,,,,No evidence reviewed yet,,,,
F109,Functional,Ownership & Trust,,,End user,,"Can a user tag funds as jointly owned, beneficially owned, or held on behalf of someone else?",,Low,1,NO,NO,MEDIUM,LOW,NO,NO,NO,NO,NO,NO,NO,NO,NO,Ownership metadata; filters; tests,,,,,,,Applicable,NOT_STARTED,UNCLEAR,0,Not yet analyzed,,,,,,No evidence reviewed yet,,,,
F110,Functional,Valuation,,,End user,,Can the platform support manual valuation overrides for assets that do not have live market data?,,Medium,4,NO,NO,MEDIUM,LOW,NO,NO,NO,NO,NO,NO,NO,YES,NO,Override fields; audit logs; tests,,,,,,,Applicable,NOT_STARTED,UNCLEAR,0,Not yet analyzed,,,,,,No evidence reviewed yet,,,,
F111,Functional,FX & Currency,,,End user,,Can the user maintain historical FX rates for past transactions and valuations?,,High,7,YES,NO,MEDIUM,LOW,NO,YES,NO,NO,NO,NO,NO,NO,NO,FX table; override UI; tests,,,,,,,Applicable,NOT_STARTED,UNCLEAR,0,Not yet analyzed,,,,,,No evidence reviewed yet,,,,
F112,Functional,FX & Currency,,,End user,,Can the platform show both original currency amount and converted base-currency amount?,,High,7,YES,NO,MEDIUM,LOW,NO,YES,NO,NO,NO,NO,NO,NO,NO,Dual amount fields; UI; tests,,,,,,,Applicable,NOT_STARTED,UNCLEAR,0,Not yet analyzed,,,,,,No evidence reviewed yet,,,,
F113,Functional,FX & Currency,,,End user,,Can the system revalue foreign-currency cash and investments using end-of-day or configurable rates?,,High,7,YES,NO,MEDIUM,LOW,NO,NO,NO,NO,NO,NO,NO,NO,NO,Revaluation engine; settings; tests,,,,,,,Applicable,NOT_STARTED,UNCLEAR,0,Not yet analyzed,,,,,,No evidence reviewed yet,,,,
F114,Functional,FX & Currency,,,End user,,Can the user choose realized FX gain treatment for transfers and spending in foreign currency?,,Medium,4,NO,NO,MEDIUM,LOW,NO,NO,NO,NO,NO,NO,NO,NO,NO,Accounting rules; settings; tests,,,,,,,Applicable,NOT_STARTED,UNCLEAR,0,Not yet analyzed,,,,,,No evidence reviewed yet,,,,
F115,Functional,Reporting,,,End user,,Can the platform produce period-based net worth reports with historical snapshots?,,High,7,YES,NO,MEDIUM,LOW,NO,NO,NO,NO,NO,NO,NO,NO,NO,Snapshot model; report generation; tests,,,,,,,Applicable,NOT_STARTED,UNCLEAR,0,Not yet analyzed,,,,,,No evidence reviewed yet,,,,
F116,Functional,Reporting,,,End user,,"Can the user compare this month against last month, quarter, year, or custom period?",,Medium,4,NO,NO,MEDIUM,LOW,NO,YES,NO,NO,NO,NO,NO,NO,NO,Period comparison engine; UI; tests,,,,,,,Applicable,NOT_STARTED,UNCLEAR,0,Not yet analyzed,,,,,,No evidence reviewed yet,,,,
F117,Functional,Reporting,,,End user,,"Can charts and reports be filtered by account, family member, tag, category, merchant, or asset type?",,Medium,4,NO,NO,MEDIUM,LOW,NO,NO,NO,NO,NO,NO,NO,NO,NO,Filter layer; chart queries; tests,,,,,,,Applicable,NOT_STARTED,UNCLEAR,0,Not yet analyzed,,,,,,No evidence reviewed yet,,,,
F118,Functional,Insights,,,End user,,"Can the system surface top spending categories, top merchants, and top balance changes automatically?",,Medium,4,NO,NO,MEDIUM,LOW,NO,YES,NO,NO,NO,NO,NO,NO,NO,Insight queries; UI widgets; tests,,,,,,,Applicable,NOT_STARTED,UNCLEAR,0,Not yet analyzed,,,,,,No evidence reviewed yet,,,,
F119,Functional,Analytics,,,End user,,Can the user drill from a KPI card to the underlying transactions or holdings?,,Medium,4,NO,NO,MEDIUM,LOW,NO,NO,NO,NO,NO,NO,NO,NO,NO,Drill-through UX; query links; tests,,,,,,,Applicable,NOT_STARTED,UNCLEAR,0,Not yet analyzed,,,,,,No evidence reviewed yet,,,,
F120,Functional,Reporting,,,End user,,Can the platform produce printable or shareable summary reports?,,Medium,4,NO,NO,MEDIUM,LOW,NO,NO,NO,NO,NO,NO,NO,NO,NO,PDF/print view; report export; tests,,,,,,,Applicable,NOT_STARTED,UNCLEAR,0,Not yet analyzed,,,,,,No evidence reviewed yet,,,,
F121,Functional,Custom Metrics,,,End user,,"Can a user define custom KPIs such as monthly burn, passive income, investment contribution rate, or liquidity runway?",,Low,1,NO,NO,MEDIUM,LOW,NO,YES,NO,NO,NO,NO,NO,NO,NO,Custom formula engine; UI; tests,,,,,,,Applicable,NOT_STARTED,UNCLEAR,0,Not yet analyzed,,,,,,No evidence reviewed yet,,,,
F122,Functional,Forecasting,,,End user,,Can the system forecast end-of-month cash based on current trends and scheduled items?,,Medium,4,NO,NO,MEDIUM,LOW,NO,NO,NO,NO,NO,NO,NO,NO,NO,Forecast logic; dashboard display; tests,,,,,,,Applicable,NOT_STARTED,UNCLEAR,0,Not yet analyzed,,,,,,No evidence reviewed yet,,,,
F123,Functional,Scenario Planning,,,End user,,"Can the user simulate what-if scenarios such as salary drop, extra rent, loan repayment, or market decline?",,Medium,4,NO,NO,MEDIUM,LOW,NO,NO,NO,NO,NO,NO,NO,NO,NO,Scenario engine; saved simulations; tests,,,,,,,Applicable,NOT_STARTED,UNCLEAR,0,Not yet analyzed,,,,,,No evidence reviewed yet,,,,
F124,Functional,Goals,,,End user,,"Can goals be created for emergency fund, holiday budget, home down payment, or retirement target?",,Medium,4,NO,NO,MEDIUM,LOW,NO,YES,NO,NO,NO,NO,NO,NO,NO,Goal model; UI; tests,,,,,,,Applicable,NOT_STARTED,UNCLEAR,0,Not yet analyzed,,,,,,No evidence reviewed yet,,,,
F125,Functional,Goals,,,End user,,Can a goal draw contributions from one or more source accounts automatically or manually?,,Medium,4,NO,NO,MEDIUM,LOW,NO,NO,NO,NO,NO,NO,NO,NO,NO,Contribution rules; transfer logic; tests,,,,,,,Applicable,NOT_STARTED,UNCLEAR,0,Not yet analyzed,,,,,,No evidence reviewed yet,,,,
F126,Functional,Goals,,,End user,,Can the system show whether the user is on track for each goal?,,Medium,4,NO,NO,MEDIUM,LOW,NO,YES,NO,NO,NO,NO,NO,NO,NO,Goal progress calculations; UI; tests,,,,,,,Applicable,NOT_STARTED,UNCLEAR,0,Not yet analyzed,,,,,,No evidence reviewed yet,,,,
F127,Functional,Notifications,,,End user,,"Can notifications be delivered by in-app alert, email, and push notification?",,Medium,4,NO,NO,MEDIUM,LOW,NO,NO,NO,NO,NO,NO,NO,NO,NO,Notification channels; templates; tests,,,,,,,Applicable,NOT_STARTED,UNCLEAR,0,Not yet analyzed,,,,,,No evidence reviewed yet,,,,
F128,Functional,Notifications,,,End user,,Can the user fully configure notification preferences by event type?,,Medium,4,NO,NO,MEDIUM,LOW,NO,NO,NO,NO,NO,NO,NO,NO,NO,Preference center; channel rules; tests,,,,,,,Applicable,NOT_STARTED,UNCLEAR,0,Not yet analyzed,,,,,,No evidence reviewed yet,,,,
F129,Functional,Cross-Platform UX,,,End user,,"Can the application work well on desktop, tablet, and mobile devices?",,High,7,YES,NO,MEDIUM,LOW,NO,YES,NO,NO,NO,NO,NO,NO,NO,Responsive UI; device QA; tests,,,,,,,Applicable,NOT_STARTED,UNCLEAR,0,Not yet analyzed,,,,,,No evidence reviewed yet,,,,
F130,Functional,Mobile UX,,,End user,,Can critical workflows be completed from mobile without losing functionality?,,High,7,YES,NO,MEDIUM,LOW,NO,NO,NO,NO,NO,NO,NO,NO,NO,Mobile UX review; user flows; tests,,,,,,,Applicable,NOT_STARTED,UNCLEAR,0,Not yet analyzed,,,,,,No evidence reviewed yet,,,,
F131,Functional,Resilience,,,End user,,Can the platform continue to function when one data provider is temporarily unavailable?,,High,7,YES,NO,MEDIUM,LOW,NO,NO,NO,NO,NO,NO,NO,NO,NO,Fallback behavior; degraded mode; tests,,,,,,,Applicable,NOT_STARTED,UNCLEAR,0,Not yet analyzed,,,,,,No evidence reviewed yet,,,,
F132,Functional,Data Correction,,,End user,,Can the user manually override sync failures with corrected data?,,High,7,YES,NO,MEDIUM,LOW,NO,YES,NO,NO,NO,NO,NO,YES,NO,Manual correction UI; audit logs; tests,,,,,,,Applicable,NOT_STARTED,UNCLEAR,0,Not yet analyzed,,,,,,No evidence reviewed yet,,,,
F133,Functional,Reconciliation,,,End user,,Can the system surface reconciliation differences between external balances and internal ledger balances?,,High,7,YES,NO,MEDIUM,LOW,NO,YES,NO,NO,NO,NO,NO,NO,NO,Reconciliation logic; UI; tests,,,,,,,Applicable,NOT_STARTED,UNCLEAR,0,Not yet analyzed,,,,,,No evidence reviewed yet,,,,
F134,Functional,Reconciliation,,,End user,,Can the user accept or reject suggested reconciliation adjustments?,,Medium,4,NO,NO,MEDIUM,LOW,NO,NO,NO,NO,NO,NO,NO,YES,NO,Approval flow; audit trail; tests,,,,,,,Applicable,NOT_STARTED,UNCLEAR,0,Not yet analyzed,,,,,,No evidence reviewed yet,,,,
F135,Functional,Versioning,,,End user,,Can deleted or edited financial records be restored from version history?,,Medium,4,NO,NO,MEDIUM,LOW,NO,NO,NO,NO,NO,NO,NO,NO,NO,Version store; restore workflow; tests,,,,,,,Applicable,NOT_STARTED,UNCLEAR,0,Not yet analyzed,,,,,,No evidence reviewed yet,,,,
F136,Functional,Account Closure,,,End user,,Can the user close the account and export all personal financial data before deletion?,,High,7,YES,NO,MEDIUM,LOW,NO,NO,NO,NO,NO,NO,NO,NO,NO,Closure flow; export package; tests,,,,,,,Applicable,NOT_STARTED,UNCLEAR,0,Not yet analyzed,,,,,,No evidence reviewed yet,,,,
F137,Functional,Privacy Operations,,,End user,,Can the platform support a full right-to-erasure workflow while preserving legally necessary audit records?,,High,7,YES,NO,MEDIUM,LOW,NO,NO,NO,NO,NO,NO,NO,NO,NO,Deletion workflow; retention rules; tests,,,,,,,Applicable,NOT_STARTED,UNCLEAR,0,Not yet analyzed,,,,,,No evidence reviewed yet,,,,
F138,Functional,Privacy Operations,,,End user,,Can a user download all raw and processed personal data in a machine-readable format?,,High,7,YES,NO,MEDIUM,LOW,NO,NO,NO,NO,NO,NO,NO,NO,NO,Data portability export; schema docs; tests,,,,,,,Applicable,NOT_STARTED,UNCLEAR,0,Not yet analyzed,,,,,,No evidence reviewed yet,,,,
F139,Functional,Help & Onboarding,,,End user,,"Can the platform provide onboarding tours, help text, and error messages understandable to non-expert consumers?",,Medium,4,NO,NO,MEDIUM,LOW,NO,NO,NO,NO,NO,NO,NO,NO,NO,UX copy; help flows; usability review,,,,,,,Applicable,NOT_STARTED,UNCLEAR,0,Not yet analyzed,,,,,,No evidence reviewed yet,,,,
F140,Functional,Accessibility,,,End user,,"Can the platform support accessibility needs such as keyboard navigation, contrast, screen readers, and readable numeric formatting?",,High,7,YES,NO,MEDIUM,LOW,NO,YES,NO,NO,NO,NO,NO,YES,NO,Accessibility audit; semantic UI; tests,,,,,,,Applicable,NOT_STARTED,UNCLEAR,0,Not yet analyzed,,,,,,No evidence reviewed yet,,,,
S141,Security,Authentication,,,System,,"Are all passwords stored using a strong adaptive hash such as Argon2id, bcrypt, or equivalent?",,High,7,YES,NO,HIGH,CRITICAL,NO,NO,NO,NO,NO,NO,NO,NO,NO,Auth code; hash config; security tests,,,,,,,Applicable,NOT_STARTED,UNCLEAR,0,Not yet analyzed,,,,,,No evidence reviewed yet,,,,
S142,Security,Authentication,,,System,,"Are password complexity, reuse prevention, and breach-password checks enforced?",,High,7,YES,NO,HIGH,CRITICAL,NO,NO,NO,NO,NO,NO,NO,NO,NO,Password policy; validation rules; tests,,,,,,,Applicable,NOT_STARTED,UNCLEAR,0,Not yet analyzed,,,,,,No evidence reviewed yet,,,,
S143,Security,Authentication,,,System,,Is multi-factor authentication available for all users?,,High,7,YES,NO,HIGH,CRITICAL,NO,NO,NO,NO,NO,NO,NO,NO,NO,MFA flows; recovery flow; tests,,,,,,,Applicable,NOT_STARTED,UNCLEAR,0,Not yet analyzed,,,,,,No evidence reviewed yet,,,,
S144,Security,Authentication,,,System,,"Can MFA be required for high-risk actions such as bank reconnection, export, account deletion, or role changes?",,High,7,YES,NO,HIGH,CRITICAL,NO,NO,NO,NO,NO,NO,NO,NO,NO,Step-up auth logic; policy rules; tests,,,,,,,Applicable,NOT_STARTED,UNCLEAR,0,Not yet analyzed,,,,,,No evidence reviewed yet,,,,
S145,Security,Session Management,,,System,,"Are session tokens protected against theft, fixation, and replay?",,High,7,YES,NO,HIGH,CRITICAL,NO,NO,NO,NO,NO,NO,NO,NO,NO,Session handling code; cookie config; tests,,,,,,,Applicable,NOT_STARTED,UNCLEAR,0,Not yet analyzed,,,,,,No evidence reviewed yet,,,,
S146,Security,Session Management,,,System,,Are inactive sessions automatically expired after a configurable timeout?,,High,7,YES,NO,HIGH,CRITICAL,NO,NO,NO,NO,NO,NO,NO,NO,NO,Timeout config; session policy; tests,,,,,,,Applicable,NOT_STARTED,UNCLEAR,0,Not yet analyzed,,,,,,No evidence reviewed yet,,,,
S147,Security,Session Management,,,System,,Can users view and revoke active sessions by device?,,Medium,4,NO,NO,HIGH,HIGH,YES,YES,NO,NO,NO,NO,NO,YES,NO,Session UI; revoke endpoint; audit logs,,,,,,,Applicable,NOT_STARTED,UNCLEAR,0,Not yet analyzed,,,,,,No evidence reviewed yet,,,,
S148,Security,Session Management,,,System,,Are refresh tokens rotated and invalidated on logout or compromise?,,High,7,YES,NO,HIGH,CRITICAL,NO,NO,NO,NO,NO,NO,NO,NO,NO,Token rotation logic; revocation tests,,,,,,,Applicable,NOT_STARTED,UNCLEAR,0,Not yet analyzed,,,,,,No evidence reviewed yet,,,,
S149,Security,Transport Security,,,System,,Is all sensitive data encrypted in transit using modern TLS?,,High,7,YES,NO,HIGH,CRITICAL,NO,NO,NO,NO,NO,NO,NO,NO,NO,TLS config; scanner results; headers,,,,,,,Applicable,NOT_STARTED,UNCLEAR,0,Not yet analyzed,,,,,,No evidence reviewed yet,,,,
S150,Security,Data Encryption,,,System,,Is sensitive personal and financial data encrypted at rest?,,High,7,YES,NO,HIGH,CRITICAL,NO,NO,YES,NO,NO,NO,NO,NO,YES,DB/storage encryption config; architecture docs,,,,,,,Applicable,NOT_STARTED,UNCLEAR,0,Not yet analyzed,,,,,,No evidence reviewed yet,,,,
S151,Security,Key Management,,,System,,Are encryption keys stored separately from encrypted data?,,High,7,YES,NO,HIGH,CRITICAL,NO,NO,NO,NO,NO,NO,NO,NO,NO,KMS config; architecture docs; access controls,,,,,,,Applicable,NOT_STARTED,UNCLEAR,0,Not yet analyzed,,,,,,No evidence reviewed yet,,,,
S152,Security,Key Management,,,System,,Is key rotation supported without corrupting stored data?,,High,7,YES,NO,HIGH,CRITICAL,NO,NO,NO,NO,NO,NO,NO,NO,NO,Rotation process; migration tests; docs,,,,,,,Applicable,NOT_STARTED,UNCLEAR,0,Not yet analyzed,,,,,,No evidence reviewed yet,,,,
S153,Security,Data Encryption,,,System,,"Is field-level encryption used for especially sensitive data such as bank account numbers, tax identifiers, or API credentials?",,High,7,YES,NO,HIGH,CRITICAL,NO,NO,NO,NO,NO,NO,NO,NO,YES,Entity model; encryption layer; tests,,,,,,,Applicable,NOT_STARTED,UNCLEAR,0,Not yet analyzed,,,,,,No evidence reviewed yet,,,,
S154,Security,Privacy Engineering,,,System,,Is personal data pseudonymised where full identity is not needed for processing?,,Medium,4,NO,NO,HIGH,HIGH,NO,NO,NO,NO,NO,NO,NO,NO,NO,Data model; processing design; tests,,,,,,,Applicable,NOT_STARTED,UNCLEAR,0,Not yet analyzed,,,,,,No evidence reviewed yet,,,,
S155,Security,Environment Management,,,System,,"Are production, test, and development environments strictly segregated?",,High,7,YES,NO,HIGH,CRITICAL,NO,NO,NO,NO,NO,NO,NO,NO,NO,Infra config; deployment docs; access controls,,,,,,,Applicable,NOT_STARTED,UNCLEAR,0,Not yet analyzed,,,,,,No evidence reviewed yet,,,,
S156,Security,Environment Management,,,System,,Is real customer data prohibited from non-production environments unless irreversibly masked?,,High,7,YES,NO,HIGH,CRITICAL,NO,NO,NO,NO,NO,NO,NO,YES,NO,Data policy; masking process; audit evidence,,,,,,,Applicable,NOT_STARTED,UNCLEAR,0,Not yet analyzed,,,,,,No evidence reviewed yet,,,,
S157,Security,Backups,,,System,,Are database backups encrypted?,,High,7,YES,NO,HIGH,CRITICAL,NO,NO,NO,NO,NO,NO,NO,NO,NO,Backup config; storage policy; tests,,,,,,,Applicable,NOT_STARTED,UNCLEAR,0,Not yet analyzed,,,,,,No evidence reviewed yet,,,,
S158,Security,Backups,,,System,,Are backup restoration procedures tested regularly?,,High,7,YES,NO,HIGH,CRITICAL,NO,NO,NO,NO,NO,NO,NO,NO,NO,Restore logs; runbooks; drill evidence,,,,,,,Applicable,NOT_STARTED,UNCLEAR,0,Not yet analyzed,,,,,,No evidence reviewed yet,,,,
S159,Security,Backups,,,System,,Is there point-in-time recovery for financial ledgers and core records?,,High,7,YES,NO,HIGH,CRITICAL,NO,NO,YES,NO,NO,NO,NO,NO,NO,DB config; recovery tests; docs,,,,,,,Applicable,NOT_STARTED,UNCLEAR,0,Not yet analyzed,,,,,,No evidence reviewed yet,,,,
S160,Security,Secrets Management,,,System,,Are secrets stored in a secure secret-management solution rather than source code or plain config files?,,High,7,YES,NO,HIGH,CRITICAL,NO,NO,NO,NO,NO,NO,NO,NO,NO,Secret store config; code review; CI checks,,,,,,,Applicable,NOT_STARTED,UNCLEAR,0,Not yet analyzed,,,,,,No evidence reviewed yet,,,,
S161,Security,Secrets Management,,,System,,"Are API keys, bank tokens, and webhook secrets rotated and scoped minimally?",,High,7,YES,NO,HIGH,CRITICAL,NO,NO,NO,NO,NO,NO,NO,NO,NO,Secret policies; rotation logs; tests,,,,,,,Applicable,NOT_STARTED,UNCLEAR,0,Not yet analyzed,,,,,,No evidence reviewed yet,,,,
S162,Security,Audit & Logging,,,System,,"Is every privileged action logged with actor, timestamp, target object, and before/after state?",,High,7,YES,NO,HIGH,CRITICAL,NO,NO,NO,NO,NO,NO,NO,YES,NO,Audit log schema; event samples; tests,,,,,,,Applicable,NOT_STARTED,UNCLEAR,0,Not yet analyzed,,,,,,No evidence reviewed yet,,,,
S163,Security,Audit & Logging,,,System,,Are audit logs tamper-evident or write-once protected?,,High,7,YES,NO,HIGH,CRITICAL,NO,NO,NO,NO,NO,NO,NO,NO,NO,Log pipeline; immutability controls; docs,,,,,,,Applicable,NOT_STARTED,UNCLEAR,0,Not yet analyzed,,,,,,No evidence reviewed yet,,,,
S164,Security,Audit & Logging,,,System,,"Are sensitive values masked in logs, traces, and error messages?",,High,7,YES,NO,HIGH,CRITICAL,NO,NO,NO,NO,NO,NO,NO,NO,NO,Logging config; sample logs; tests,,,,,,,Applicable,NOT_STARTED,UNCLEAR,0,Not yet analyzed,,,,,,No evidence reviewed yet,,,,
S165,Security,Data Exposure,,,System,,"Does the system avoid exposing full account numbers, card details, or personal identifiers in UI or logs?",,High,7,YES,NO,HIGH,CRITICAL,NO,YES,NO,NO,NO,NO,NO,NO,NO,Masking rules; UI review; tests,,,,,,,Applicable,NOT_STARTED,UNCLEAR,0,Not yet analyzed,,,,,,No evidence reviewed yet,,,,
S166,Security,Authorization,,,System,,Are role-based access controls enforced server-side rather than only in the frontend?,,High,7,YES,NO,HIGH,CRITICAL,NO,NO,NO,NO,NO,NO,NO,NO,NO,Backend auth checks; penetration tests,,,,,,,Applicable,NOT_STARTED,UNCLEAR,0,Not yet analyzed,,,,,,No evidence reviewed yet,,,,
S167,Security,Authorization,,,System,,"Are object-level authorization checks present on every read, write, update, and delete endpoint?",,High,7,YES,NO,HIGH,CRITICAL,YES,NO,NO,YES,NO,YES,NO,NO,NO,API code review; integration tests,,,,,,,Applicable,NOT_STARTED,UNCLEAR,0,Not yet analyzed,,,,,,No evidence reviewed yet,,,,
S168,Security,Authorization,,,System,,Can one user ever access another user’s data by changing identifiers in URLs or API requests?,,High,7,YES,NO,HIGH,CRITICAL,NO,NO,NO,NO,NO,NO,NO,NO,NO,Access control tests; pentest evidence,,,,,,,Applicable,NOT_STARTED,UNCLEAR,0,Not yet analyzed,,,,,,No evidence reviewed yet,,,,
S169,Security,Abuse Protection,,,System,,"Are rate limits present for login, registration, password reset, OTP verification, and export endpoints?",,High,7,YES,NO,HIGH,CRITICAL,NO,NO,NO,NO,NO,NO,NO,NO,NO,Gateway config; throttle tests; docs,,,,,,,Applicable,NOT_STARTED,UNCLEAR,0,Not yet analyzed,,,,,,No evidence reviewed yet,,,,
S170,Security,Abuse Protection,,,System,,"Are brute-force, credential-stuffing, and bot attacks detected and mitigated?",,High,7,YES,NO,HIGH,CRITICAL,NO,NO,NO,NO,NO,NO,NO,NO,NO,Detection rules; WAF config; security alerts,,,,,,,Applicable,NOT_STARTED,UNCLEAR,0,Not yet analyzed,,,,,,No evidence reviewed yet,,,,
S171,Security,Threat Monitoring,,,System,,"Are suspicious login attempts, impossible travel, or new-device access events monitored?",,Medium,4,NO,NO,HIGH,HIGH,NO,NO,NO,NO,NO,NO,NO,NO,NO,Security events; alert rules; logs,,,,,,,Applicable,NOT_STARTED,UNCLEAR,0,Not yet analyzed,,,,,,No evidence reviewed yet,,,,
S172,Security,Threat Monitoring,,,System,,Can a user receive alerts for high-risk security events?,,Medium,4,NO,NO,HIGH,HIGH,NO,NO,NO,NO,NO,NO,NO,NO,NO,Notification templates; user prefs; tests,,,,,,,Applicable,NOT_STARTED,UNCLEAR,0,Not yet analyzed,,,,,,No evidence reviewed yet,,,,
S173,Security,App Security Headers,,,System,,"Are security headers implemented consistently, such as CSP, HSTS, X-Content-Type-Options, and frame protections where appropriate?",,High,7,YES,NO,HIGH,CRITICAL,NO,NO,NO,NO,NO,NO,NO,NO,NO,Response headers; scanner results,,,,,,,Applicable,NOT_STARTED,UNCLEAR,0,Not yet analyzed,,,,,,No evidence reviewed yet,,,,
S174,Security,Dependency Security,,,System,,Are dependencies continuously scanned for known vulnerabilities?,,High,7,YES,NO,HIGH,CRITICAL,NO,NO,NO,NO,NO,NO,NO,NO,NO,CI pipeline; scan reports; remediation logs,,,,,,,Applicable,NOT_STARTED,UNCLEAR,0,Not yet analyzed,,,,,,No evidence reviewed yet,,,,
S175,Security,Secure Coding,,,System,,"Is the application protected against SQL injection, XSS, CSRF, SSRF, path traversal, and insecure deserialization?",,High,7,YES,NO,HIGH,CRITICAL,NO,NO,NO,NO,NO,NO,NO,NO,NO,Security tests; code review; pentest results,,,,,,,Applicable,NOT_STARTED,UNCLEAR,0,Not yet analyzed,,,,,,No evidence reviewed yet,,,,
S176,Security,File Handling,,,System,,Are uploaded files scanned and validated before storage or opening?,,High,7,YES,NO,HIGH,CRITICAL,NO,NO,NO,NO,NO,NO,NO,NO,NO,Upload service; AV scanning; MIME validation; tests,,,,,,,Applicable,NOT_STARTED,UNCLEAR,0,Not yet analyzed,,,,,,No evidence reviewed yet,,,,
S177,Security,Consent & Open Banking,,,System,,Are bank-consent scopes minimal and clearly explained to the user?,,High,7,YES,NO,HIGH,CRITICAL,NO,YES,NO,NO,NO,NO,NO,NO,NO,Consent UI; provider scopes; policy docs,,,,,,,Applicable,NOT_STARTED,UNCLEAR,0,Not yet analyzed,,,,,,No evidence reviewed yet,,,,
S178,Security,Consent & Open Banking,,,System,,Can a user revoke bank access consent without deleting the whole account?,,High,7,YES,NO,HIGH,CRITICAL,NO,NO,NO,NO,NO,NO,NO,NO,NO,Consent revoke flow; provider callback; tests,,,,,,,Applicable,NOT_STARTED,UNCLEAR,0,Not yet analyzed,,,,,,No evidence reviewed yet,,,,
S179,Security,Consent & Open Banking,,,System,,"Does consent capture include timestamp, scope, provider, and proof of user action?",,High,7,YES,NO,HIGH,CRITICAL,NO,NO,YES,NO,NO,NO,NO,YES,NO,Consent records; audit logs; DB schema,,,,,,,Applicable,NOT_STARTED,UNCLEAR,0,Not yet analyzed,,,,,,No evidence reviewed yet,,,,
S180,Security,Privacy UX,,,System,,"Are privacy notices and consent screens explicit, granular, and understandable?",,High,7,YES,NO,HIGH,CRITICAL,NO,YES,NO,NO,NO,NO,NO,NO,NO,UI copy; legal review; UX evidence,,,,,,,Applicable,NOT_STARTED,UNCLEAR,0,Not yet analyzed,,,,,,No evidence reviewed yet,,,,
S181,Security,Privacy Operations,,,System,,"Can the system honor data-subject requests for access, correction, deletion, and portability?",,High,7,YES,NO,HIGH,CRITICAL,NO,NO,NO,NO,NO,NO,NO,NO,NO,DSAR workflows; admin tools; tests,,,,,,,Applicable,NOT_STARTED,UNCLEAR,0,Not yet analyzed,,,,,,No evidence reviewed yet,,,,
S182,Security,Data Retention,,,System,,"Is there a retention schedule for financial attachments, logs, and inactive accounts?",,High,7,YES,NO,HIGH,CRITICAL,NO,NO,NO,NO,YES,NO,NO,NO,NO,Retention policy; scheduled jobs; docs,,,,,,,Applicable,NOT_STARTED,UNCLEAR,0,Not yet analyzed,,,,,,No evidence reviewed yet,,,,
S183,Security,Data Deletion,,,System,,Are data deletion routines verified to remove all copies except legally required records?,,High,7,YES,NO,HIGH,CRITICAL,NO,NO,NO,NO,NO,NO,NO,NO,NO,Deletion tests; storage review; logs,,,,,,,Applicable,NOT_STARTED,UNCLEAR,0,Not yet analyzed,,,,,,No evidence reviewed yet,,,,
S184,Security,Incident Response,,,System,,"Is incident detection, escalation, and breach notification workflow documented and testable?",,High,7,YES,NO,HIGH,CRITICAL,NO,NO,NO,NO,NO,NO,NO,NO,NO,IR runbook; drill results; ownership matrix,,,,,,,Applicable,NOT_STARTED,UNCLEAR,0,Not yet analyzed,,,,,,No evidence reviewed yet,,,,
S185,Security,Incident Response,,,System,,Can the company identify which users and records were affected by a breach within a reasonable time?,,High,7,YES,NO,HIGH,CRITICAL,NO,NO,NO,NO,NO,NO,NO,NO,NO,Forensics process; log correlation; drill evidence,,,,,,,Applicable,NOT_STARTED,UNCLEAR,0,Not yet analyzed,,,,,,No evidence reviewed yet,,,,
S186,Security,Third-Party Risk,,,System,,"Are third-party processors, market-data vendors, and bank aggregators assessed for security and privacy risk?",,High,7,YES,NO,HIGH,CRITICAL,NO,NO,NO,NO,NO,NO,NO,NO,NO,Vendor reviews; DPAs; risk register,,,,,,,Applicable,NOT_STARTED,UNCLEAR,0,Not yet analyzed,,,,,,No evidence reviewed yet,,,,
S187,Security,Security Assurance,,,System,,Is there evidence of regular penetration testing and remediation tracking?,,High,7,YES,YES,HIGH,CRITICAL,NO,NO,NO,NO,NO,NO,NO,NO,NO,Pentest reports; remediation tickets,,,,,,,Applicable,NOT_STARTED,UNCLEAR,0,Not yet analyzed,,,,,,No evidence reviewed yet,,,,
S188,Security,Security Assurance,,,System,,Are security controls re-tested after major releases?,,High,7,YES,NO,HIGH,CRITICAL,NO,NO,NO,NO,NO,NO,NO,NO,NO,Regression security tests; release checklist,,,,,,,Applicable,NOT_STARTED,UNCLEAR,0,Not yet analyzed,,,,,,No evidence reviewed yet,,,,
S189,Security,Threat Monitoring,,,System,,"Is there anomaly detection for unusual exports, scraping, or mass data access?",,Medium,4,NO,NO,HIGH,HIGH,NO,NO,NO,NO,NO,NO,NO,NO,NO,Detection logic; SIEM alerts; tests,,,,,,,Applicable,NOT_STARTED,UNCLEAR,0,Not yet analyzed,,,,,,No evidence reviewed yet,,,,
S190,Security,Data Integrity,,,System,,Are customer-visible balances protected from race conditions or stale reads that could mislead users?,,High,7,YES,NO,HIGH,CRITICAL,NO,NO,NO,NO,NO,NO,NO,NO,NO,Concurrency controls; caching strategy; tests,,,,,,,Applicable,NOT_STARTED,UNCLEAR,0,Not yet analyzed,,,,,,No evidence reviewed yet,,,,
A191,Architecture,Modularity,,,End user,,"Is there a clear separation between ledger, accounts, budgeting, investments, reporting, security, and integration modules?",,High,7,YES,NO,MEDIUM,LOW,NO,NO,NO,NO,NO,NO,NO,NO,NO,Architecture docs; repository structure; code review,,,,,,,Applicable,NOT_STARTED,UNCLEAR,0,Not yet analyzed,,,,,,No evidence reviewed yet,,,,
A192,Architecture,Integrations,,,End user,,Can a new bank integration be added without changing core transaction logic?,,High,7,YES,NO,MEDIUM,LOW,NO,NO,NO,NO,NO,NO,NO,NO,NO,Plugin pattern; interface contracts; tests,,,,,,,Applicable,NOT_STARTED,UNCLEAR,0,Not yet analyzed,,,,,,No evidence reviewed yet,,,,
A193,Architecture,Extensibility,,,End user,,Can a new asset type be added without breaking reporting and net-worth calculations?,,High,7,YES,NO,MEDIUM,LOW,NO,NO,NO,NO,NO,NO,NO,NO,NO,Domain model; test coverage; extension points,,,,,,,Applicable,NOT_STARTED,UNCLEAR,0,Not yet analyzed,,,,,,No evidence reviewed yet,,,,
A194,Architecture,Data Architecture,,,End user,,"Does the data model distinguish source data, normalized data, and user-adjusted data?",,High,7,YES,NO,MEDIUM,LOW,NO,NO,NO,NO,NO,NO,NO,NO,NO,Schema review; ETL flow; docs,,,,,,,Applicable,NOT_STARTED,UNCLEAR,0,Not yet analyzed,,,,,,No evidence reviewed yet,,,,
A195,Architecture,Data Architecture,,,End user,,"Is there a canonical transaction model across banks, brokers, crypto exchanges, and manual entries?",,High,7,YES,NO,MEDIUM,LOW,NO,NO,NO,NO,NO,NO,NO,NO,NO,Entity design; mapping layer; tests,,,,,,,Applicable,NOT_STARTED,UNCLEAR,0,Not yet analyzed,,,,,,No evidence reviewed yet,,,,
A196,Architecture,Scalability,,,End user,,Can the ledger handle millions of transactions per tenant without major performance degradation?,,High,7,YES,NO,MEDIUM,LOW,NO,NO,NO,NO,NO,NO,NO,NO,NO,Load tests; query plans; benchmarks,,,,,,,Applicable,NOT_STARTED,UNCLEAR,0,Not yet analyzed,,,,,,No evidence reviewed yet,,,,
A197,Architecture,Performance,,,End user,,Are balance calculations incremental or cached where necessary to avoid full recomputation on every screen?,,High,7,YES,NO,MEDIUM,LOW,NO,NO,NO,NO,NO,NO,NO,NO,NO,Caching strategy; profiling evidence; tests,,,,,,,Applicable,NOT_STARTED,UNCLEAR,0,Not yet analyzed,,,,,,No evidence reviewed yet,,,,
A198,Architecture,Performance,,,End user,,Can historical reports be generated efficiently for users with many years of data?,,Medium,4,NO,NO,MEDIUM,LOW,NO,NO,NO,NO,NO,NO,NO,NO,NO,Report benchmarks; aggregation design; tests,,,,,,,Applicable,NOT_STARTED,UNCLEAR,0,Not yet analyzed,,,,,,No evidence reviewed yet,,,,
A199,Architecture,Async Processing,,,End user,,Are long-running sync jobs processed asynchronously rather than blocking user requests?,,High,7,YES,NO,MEDIUM,LOW,NO,NO,NO,NO,YES,NO,NO,NO,NO,Job queue; worker code; metrics,,,,,,,Applicable,NOT_STARTED,UNCLEAR,0,Not yet analyzed,,,,,,No evidence reviewed yet,,,,
A200,Architecture,Async Processing,,,End user,,Can sync jobs be retried safely without duplicating records?,,High,7,YES,NO,MEDIUM,LOW,NO,NO,NO,NO,NO,NO,NO,NO,NO,Retry logic; idempotency tests; queue config,,,,,,,Applicable,NOT_STARTED,UNCLEAR,0,Not yet analyzed,,,,,,No evidence reviewed yet,,,,
A201,Architecture,Idempotency,,,End user,,"Is the system idempotent for imports, webhooks, and provider callbacks?",,High,7,YES,NO,MEDIUM,LOW,NO,NO,NO,NO,NO,NO,NO,NO,NO,Idempotency keys; duplicate protection; tests,,,,,,,Applicable,NOT_STARTED,UNCLEAR,0,Not yet analyzed,,,,,,No evidence reviewed yet,,,,
A202,Architecture,API Design,,,End user,,Are APIs versioned so clients are not broken by backward-incompatible changes?,,Medium,4,NO,NO,MEDIUM,LOW,YES,NO,NO,YES,NO,NO,NO,NO,NO,API versioning strategy; docs; routing,,,,,,,Applicable,NOT_STARTED,UNCLEAR,0,Not yet analyzed,,,,,,No evidence reviewed yet,,,,
A203,Architecture,Deployment,,,End user,,Can modules be deployed independently or at least evolved independently?,,Medium,4,NO,NO,MEDIUM,LOW,NO,NO,NO,NO,NO,NO,NO,NO,NO,Service boundaries; deployment pipeline; docs,,,,,,,Applicable,NOT_STARTED,UNCLEAR,0,Not yet analyzed,,,,,,No evidence reviewed yet,,,,
A204,Architecture,Resilience,,,End user,,Are provider outages isolated so one failed integration does not affect the rest of the platform?,,High,7,YES,NO,MEDIUM,LOW,NO,YES,NO,NO,NO,NO,NO,NO,NO,Circuit breakers; fallback logic; chaos tests,,,,,,,Applicable,NOT_STARTED,UNCLEAR,0,Not yet analyzed,,,,,,No evidence reviewed yet,,,,
A205,Architecture,Eventing,,,End user,,"Is there a queueing or event-driven mechanism for reconciliation, notifications, and recalculation tasks?",,Medium,4,NO,NO,MEDIUM,LOW,NO,NO,NO,NO,NO,NO,NO,NO,NO,Event bus; workers; architecture docs,,,,,,,Applicable,NOT_STARTED,UNCLEAR,0,Not yet analyzed,,,,,,No evidence reviewed yet,,,,
A206,Architecture,Scalability,,,End user,,Can the platform scale horizontally under peak usage such as end-of-month reporting periods?,,High,7,YES,NO,MEDIUM,LOW,NO,NO,NO,NO,NO,NO,NO,NO,NO,Autoscaling config; load tests; metrics,,,,,,,Applicable,NOT_STARTED,UNCLEAR,0,Not yet analyzed,,,,,,No evidence reviewed yet,,,,
A207,Architecture,Data Workloads,,,End user,,Are read-heavy analytics workloads separated from write-heavy transactional workloads?,,Medium,4,NO,NO,MEDIUM,LOW,NO,NO,NO,NO,NO,NO,NO,NO,NO,Read replicas; warehouse design; docs,,,,,,,Applicable,NOT_STARTED,UNCLEAR,0,Not yet analyzed,,,,,,No evidence reviewed yet,,,,
A208,Architecture,Observability,,,End user,,"Is there monitoring for latency, error rate, queue depth, failed syncs, and stale balances?",,High,7,YES,NO,MEDIUM,LOW,NO,NO,NO,NO,NO,NO,NO,NO,NO,Dashboards; alerts; SLO metrics,,,,,,,Applicable,NOT_STARTED,UNCLEAR,0,Not yet analyzed,,,,,,No evidence reviewed yet,,,,
A209,Architecture,Service Levels,,,End user,,"Are service-level objectives defined for login, dashboard load, sync freshness, and report generation?",,Medium,4,NO,NO,MEDIUM,LOW,NO,NO,NO,NO,NO,NO,NO,NO,NO,SLO docs; dashboards; alert thresholds,,,,,,,Applicable,NOT_STARTED,UNCLEAR,0,Not yet analyzed,,,,,,No evidence reviewed yet,,,,
A210,Architecture,Multi-Tenancy,,,End user,,Can the platform support multi-tenant isolation safely if the business model later expands to advisors or family offices?,,Medium,4,NO,NO,MEDIUM,LOW,NO,NO,NO,NO,NO,NO,NO,NO,NO,Tenant model; isolation tests; docs,,,,,,,Applicable,NOT_STARTED,UNCLEAR,0,Not yet analyzed,,,,,,No evidence reviewed yet,,,,
A211,Architecture,Data Residency,,,End user,,Are regional data-hosting and residency requirements configurable if business needs change?,,Low,1,NO,NO,MEDIUM,LOW,NO,NO,NO,NO,NO,NO,NO,NO,NO,Infra design; deployment options; docs,,,,,,,Applicable,NOT_STARTED,UNCLEAR,0,Not yet analyzed,,,,,,No evidence reviewed yet,,,,
A212,Architecture,Release Management,,,End user,,Can the system support feature flags for staged rollout of risky finance features?,,Medium,4,NO,NO,MEDIUM,LOW,NO,NO,NO,NO,NO,NO,NO,NO,NO,Feature flag framework; rollout logs; tests,,,,,,,Applicable,NOT_STARTED,UNCLEAR,0,Not yet analyzed,,,,,,No evidence reviewed yet,,,,
A213,Architecture,Database Change Management,,,End user,,Is schema migration strategy safe for large financial datasets and zero-downtime releases?,,High,7,YES,NO,MEDIUM,LOW,NO,NO,NO,NO,NO,NO,NO,NO,NO,Migration tooling; rollback plan; tests,,,,,,,Applicable,NOT_STARTED,UNCLEAR,0,Not yet analyzed,,,,,,No evidence reviewed yet,,,,
A214,Architecture,Data Quality,,,End user,,Can corrupted external data be quarantined before it contaminates the core ledger?,,High,7,YES,NO,MEDIUM,LOW,NO,NO,NO,NO,NO,NO,NO,NO,NO,Validation layer; quarantine queue; tests,,,,,,,Applicable,NOT_STARTED,UNCLEAR,0,Not yet analyzed,,,,,,No evidence reviewed yet,,,,
A215,Architecture,Traceability,,,End user,,Is every derived metric reproducible from source data and business rules?,,High,7,YES,NO,MEDIUM,LOW,NO,NO,NO,NO,NO,NO,NO,YES,NO,Lineage docs; reproducibility tests; audit queries,,,,,,,Applicable,NOT_STARTED,UNCLEAR,0,Not yet analyzed,,,,,,No evidence reviewed yet,,,,
A216,Architecture,Configuration,,,End user,,"Are reconciliation rules, tax rules, and categorization rules configurable rather than hardcoded?",,Medium,4,NO,NO,MEDIUM,LOW,NO,NO,NO,NO,NO,NO,NO,NO,NO,Rules engine; admin config; tests,,,,,,,Applicable,NOT_STARTED,UNCLEAR,0,Not yet analyzed,,,,,,No evidence reviewed yet,,,,
A217,Architecture,Vendor Abstraction,,,End user,,"Can the company swap a market-data provider, FX provider, or bank-aggregation provider with limited rewrite?",,Medium,4,NO,NO,MEDIUM,LOW,NO,NO,NO,NO,NO,YES,NO,NO,NO,Provider interface layer; integration tests,,,,,,,Applicable,NOT_STARTED,UNCLEAR,0,Not yet analyzed,,,,,,No evidence reviewed yet,,,,
A218,Architecture,Documentation,,,End user,,Is documentation sufficient for another engineering team to extend the platform safely?,,Medium,4,NO,NO,MEDIUM,LOW,YES,NO,NO,YES,NO,NO,NO,NO,NO,Architecture docs; ADRs; API docs,,,,,,,Applicable,NOT_STARTED,UNCLEAR,0,Not yet analyzed,,,,,,No evidence reviewed yet,,,,
A219,Architecture,Testing,,,End user,,"Are automated tests present for critical money flows, permissions, imports, syncs, and calculations?",,High,7,YES,NO,MEDIUM,LOW,NO,YES,NO,NO,NO,NO,NO,NO,NO,Test suites; CI results; coverage reports,,,,,,,Applicable,NOT_STARTED,UNCLEAR,0,Not yet analyzed,,,,,,No evidence reviewed yet,,,,
A220,Architecture,Polish Market Readiness,,,End user,,"Are there synthetic test cases covering Polish-market specifics such as PLN base currency, Polish bank feeds, consent expiry, and local payment patterns?",,High,7,YES,YES,MEDIUM,LOW,NO,NO,NO,NO,NO,NO,NO,NO,NO,Test data sets; automated scenarios; UAT scripts,,,,,,,Applicable,NOT_STARTED,UNCLEAR,0,Not yet analyzed,,,,,,No evidence reviewed yet,,,,
